Title,Code Name,Product Line,Product Type,Color,Notes
Game Controller 3300w,GC33w,Gaming,Gaming accessories,White,
Game Controller 3300b,GC33b,Gaming,Gaming accessories,Black,
Game Controller 3300p,GC33p,Gaming,Gaming accessories,Pink,
Car Audio 1000,CARAud1000,Audio,Car audio,Chrome/Black,
DG-1000 SLR Camera,DG1b,Cameras & Camcorders,SLR camera,Blue,
DG-2000b SLR Camera,DG2b,Cameras & Camcorders,SLR camera,Green,
DG-2000g SLR Camera,DG2g,Cameras & Camcorders,SLR camera,Green,
DG-2000y SLR Camera,DG2y,Cameras & Camcorders,SLR camera,Yellow,
NC320 46” Ultra-Smart TV,NC320-46,Home Theater,Video,Chrome/Black,
NC460 55” Ultra-Smart TV,NC460-55,Home Theater,Video,Chrome/Black,
NC460 52” Cinema Style 3D TV,NC460-52,Home Theater,Video,Chrome/Black,
NC460 60” Cinema Style 3D TV,NC460-60,Home Theater,Video,Chrome/Black,
Car Audio 2000,CARAud2000,Audio,Car audio,Chrome/Black,
Headphones 2000b,HPAud2b,Audio,Headphones,Black,
Headphones 2000w,HPAud2w,Audio,Headphones,White,
Headphones 2000r,HPAud2r,Audio,Headphones,Red,
Speakers 2500,SPAud2500,Audio,Speakers,Black,
Speakers 2800,SPAud2800,Audio,Speakers,Black,
Speakers 3000,SPAud3000,Audio,Speakers,Silver,
Car Audio 2500,CARAud2500,Audio,Car audio,Chrome/Black,
Action Camera 1000s,ACTCam1s,Cameras & Camcorders,Action cameras,Silver,
Action Camera 2000s,ACTCam2s,Cameras & Camcorders,Action cameras,Silver,
Action Camera 2000b,ACTCam2b,Cameras & Camcorders,Action cameras,Black,
D-100,D1b,Cameras & Camcorders,Digital cameras,Black,
D-200b,D2b,Cameras & Camcorders,Digital cameras,Black,
D-200r,D2r,Cameras & Camcorders,Digital cameras,Red,
CE-5000 Desktop Computer,CE5000,Computers & Tablets,Desktop computers,Silver,
CE-5100 Desktop Computer,CE5100,Computers & Tablets,Desktop computers,Black,
CE-6000 Desktop Computer,CE6000,Computers & Tablets,Desktop computers,Black,
LT-3000 Laptop,LT3000,Computers & Tablets,Laptops,Silver,